{
    "isaid": {
        "UNet_vanilla": {

            "fold_0": {
                "IoU": 0.4824574887752533, 
                "Dice": 0.5380309820175171, 
                "Pixel Accuracy": 0.973585844039917, 
                "Mean Accuracy": 0.5294430255889893, 
                "Frequency Weighted IoU": 0.9534140825271606, 
                "Recall": 0.5294430255889893, 
                "Precision": 0.5896449685096741
            },
            "fold_1": {
                "IoU": 0.46464529633522034, "Dice": 0.5179453492164612, "Pixel Accuracy": 0.9758599996566772,
                "Mean Accuracy": 0.5078715682029724, "Frequency Weighted IoU": 0.9571133255958557, "Recall": 0.5078715682029724, "Precision": 0.5726639628410339
            },
            "fold_2": {
                "IoU": 0.4937262535095215, "Dice": 0.5503613948822021, "Pixel Accuracy": 0.9788841009140015, 
                "Mean Accuracy": 0.5367706418037415, "Frequency Weighted IoU": 0.961846113204956, "Recall": 0.5367706418037415, "Precision": 0.6111084222793579
            },
            "fold_3": {
               "IoU": 0.4978480637073517, "Dice": 0.5531501770019531, "Pixel Accuracy": 0.9780771136283875, 
                "Mean Accuracy": 0.5404052734375, "Frequency Weighted IoU": 0.9607430100440979, "Recall": 0.5404052734375, "Precision": 0.6063066720962524
            },
            "fold_4": {
                "IoU": 0.47165268659591675, "Dice": 0.5271445512771606, "Pixel Accuracy": 0.9751725196838379, 
                "Mean Accuracy": 0.5194201469421387, "Frequency Weighted IoU": 0.9558008909225464, "Recall": 0.5194201469421387, "Precision": 0.5823796987533569
            }
        },
        "UNet_e2cnn": {
            "fold_0": {
                "IoU": 0.4406018555164337, "Dice": 0.49351170659065247, "Pixel Accuracy": 0.9727746844291687, 
                "Mean Accuracy": 0.4812139868736267, "Frequency Weighted IoU": 0.9518215656280518, "Recall": 0.4812139868736267, "Precision": 0.5494657158851624
            },
            "fold_1": {
                "IoU": 0.4267211854457855, "Dice": 0.477478951215744, "Pixel Accuracy": 0.973711371421814, 
                "Mean Accuracy": 0.46851444244384766, "Frequency Weighted IoU": 0.9533166289329529, "Recall": 0.46851444244384766, "Precision": 0.5244532227516174
            },
            "fold_2": {
                "IoU": 0.4118295907974243, "Dice": 0.4605334997177124, "Pixel Accuracy": 0.9772171974182129, 
                "Mean Accuracy": 0.45012167096138, "Frequency Weighted IoU": 0.9593691229820251, "Recall": 0.45012167096138, "Precision": 0.5134088397026062
            },
            "fold_3": {
                "IoU": 0.44455668330192566, "Dice": 0.49708476662635803, "Pixel Accuracy": 0.9763628244400024, 
                "Mean Accuracy": 0.4865844249725342, "Frequency Weighted IoU": 0.9576146602630615, "Recall": 0.4865844249725342, "Precision": 0.5506378412246704
            },
            "fold_4": {
                "IoU": 0.4298478066921234, "Dice": 0.4816756248474121, "Pixel Accuracy": 0.9734144806861877, 
                "Mean Accuracy": 0.47079193592071533, "Frequency Weighted IoU": 0.9527310132980347, "Recall": 0.47079193592071533, "Precision": 0.5395076274871826
            }
        },
        "C8": {
            "fold_0": {
"IoU": 0.44522684812545776, "Dice": 0.4976877272129059, "Pixel Accuracy": 0.9737478494644165, 
                "Mean Accuracy": 0.4854471981525421, "Frequency Weighted IoU": 0.9537126421928406, "Recall": 0.4854471981525421, "Precision": 0.551060676574707
            },
            "fold_1": {
                "IoU": 0.4361647665500641, "Dice": 0.4877432882785797, "Pixel Accuracy": 0.9749424457550049, 
                "Mean Accuracy": 0.4774095118045807, "Frequency Weighted IoU": 0.9554988741874695, "Recall": 0.4774095118045807, "Precision": 0.5409866571426392
            },
            "fold_2": {
"IoU": 0.46419861912727356, "Dice": 0.5179492235183716, "Pixel Accuracy": 0.9775964617729187, 
                "Mean Accuracy": 0.5079163908958435, "Frequency Weighted IoU": 0.959817111492157, "Recall": 0.5079163908958435, "Precision": 0.5717111825942993
            },
            "fold_3": {
"IoU": 0.44730570912361145, "Dice": 0.4991457760334015, "Pixel Accuracy": 0.9780056476593018,
                "Mean Accuracy": 0.49168699979782104, "Frequency Weighted IoU": 0.9608983397483826, "Recall": 0.49168699979782104, "Precision": 0.547812819480896
            },
            "fold_4": {
"IoU": 0.43541431427001953, "Dice": 0.4872598648071289, "Pixel Accuracy": 0.9735456109046936, 
                "Mean Accuracy": 0.47529783844947815, "Frequency Weighted IoU": 0.9534405469894409, "Recall": 0.47529783844947815, "Precision": 0.5464537739753723
            }
        },
        "D4": {
            "fold_0": {
              "IoU": 0.4163997769355774, "Dice": 0.4648846387863159, "Pixel Accuracy": 0.9716406464576721, 
              "Mean Accuracy": 0.45563045144081116, "Frequency Weighted IoU": 0.9498855471611023, "Recall": 0.45563045144081116, "Precision": 0.5127758383750916
            },
            "fold_1": {
              "IoU": 0.39403781294822693, "Dice": 0.4417286217212677, "Pixel Accuracy": 0.9718193411827087,
              "Mean Accuracy": 0.432523250579834, "Frequency Weighted IoU": 0.9503334760665894, "Recall": 0.432523250579834, "Precision": 0.4941268265247345
            },
            "fold_2": {
              "IoU": 0.3974705934524536, "Dice": 0.44502192735671997, "Pixel Accuracy": 0.9759966135025024,
              "Mean Accuracy": 0.4324619174003601, "Frequency Weighted IoU": 0.9571371674537659, "Recall": 0.4324619174003601, "Precision": 0.5043846964836121
            },
            "fold_3": {
              "IoU": 0.4228547513484955, "Dice": 0.4728781580924988, "Pixel Accuracy": 0.9751909375190735,
              "Mean Accuracy": 0.4625924229621887, "Frequency Weighted IoU": 0.955819308757782, "Recall": 0.4625924229621887, "Precision": 0.5284714698791504
            },
            "fold_4": {
              "IoU": 0.3898458182811737, "Dice": 0.43681061267852783, "Pixel Accuracy": 0.9720184206962585,
              "Mean Accuracy": 0.4252609610557556, "Frequency Weighted IoU": 0.949881911277771, "Recall": 0.4252609610557556, "Precision": 0.4979489743709564
            }
        }
    },
    "coco": {
        "UNet_vanilla": {
            "fold_0": {
               "IoU": 0.17822489142417908, "Dice": 0.2267521321773529, "Pixel Accuracy": 0.6865095496177673, 
                "Mean Accuracy": 0.23587724566459656, "Frequency Weighted IoU": 0.5567612648010254, "Recall": 0.23587724566459656, "Precision": 0.28714409470558167
            },
            "fold_1": {
"IoU": 0.1804683357477188, "Dice": 0.22952726483345032, "Pixel Accuracy": 0.6898674368858337, 
                "Mean Accuracy": 0.24007919430732727, "Frequency Weighted IoU": 0.5623353123664856, "Recall": 0.24007919430732727, "Precision": 0.28740739822387695
            },
            "fold_2": {
"IoU": 0.17761899530887604, "Dice": 0.22589603066444397, "Pixel Accuracy": 0.6901456117630005, 
                "Mean Accuracy": 0.23588979244232178, "Frequency Weighted IoU": 0.5676783919334412, "Recall": 0.23588979244232178, "Precision": 0.2787841558456421
            },
            "fold_3": {
"IoU": 0.1790851503610611, "Dice": 0.22763052582740784, "Pixel Accuracy": 0.6879292130470276, 
                "Mean Accuracy": 0.2388925552368164, "Frequency Weighted IoU": 0.5607011318206787, "Recall": 0.2388925552368164, "Precision": 0.2828964591026306
            },
            "fold_4": {
"IoU": 0.17924319207668304, "Dice": 0.22807931900024414, "Pixel Accuracy": 0.6895312666893005, 
                "Mean Accuracy": 0.23943586647510529, "Frequency Weighted IoU": 0.5668201446533203, "Recall": 0.23943586647510529, "Precision": 0.28057461977005005
            }
        },
        "UNet_e2cnn": {
            "fold_0": {
"IoU": 0.18470729887485504, "Dice": 0.2309449464082718,